param_path.name,param_path.noise,param_our_param.tau_radius,param_our_param.epsilon_PCA,param_our_param.max_min_num,metric_non_na_percent,metric_coef
ellipsoid,0.0,1,0.2,0.05,1.0,0.993114379770528
ellipsoid,0.0,1,0.2,0.1,1.0,0.9923068210019202
ellipsoid,0.0,1,0.2,100.0,1.0,0.9741826478221192
ellipsoid,0.0,1,0.2,150.0,1.0,0.986065392984256
ellipsoid,0.0,1,0.2,200.0,1.0,0.9898422677675036
ellipsoid,0.0,1,0.4,0.05,1.0,0.9925579177666444
ellipsoid,0.0,1,0.4,0.1,1.0,0.9915300513564952
ellipsoid,0.0,1,0.4,100.0,1.0,0.9670023117691896
ellipsoid,0.0,1,0.4,150.0,1.0,0.985643954062814
ellipsoid,0.0,1,0.4,200.0,1.0,0.9901095944724392
ellipsoid,0.0,1,0.6,0.05,1.0,0.9689942659475508
ellipsoid,0.0,1,0.6,0.1,1.0,0.9898258389997744
ellipsoid,0.0,1,0.6,100.0,1.0,0.4546982886087867
ellipsoid,0.0,1,0.6,150.0,1.0,0.7978335616986094
ellipsoid,0.0,1,0.6,200.0,1.0,0.909731223746411
ellipsoid,0.0,2,0.2,0.05,1.0,0.995165557608546
ellipsoid,0.0,2,0.2,0.1,1.0,0.991806320843198
ellipsoid,0.0,2,0.2,100.0,1.0,0.9490602429004809
ellipsoid,0.0,2,0.2,150.0,1.0,0.97521692973471
ellipsoid,0.0,2,0.2,200.0,1.0,0.984512557459164
ellipsoid,0.0,2,0.4,0.05,1.0,0.9946533197705762
ellipsoid,0.0,2,0.4,0.1,1.0,0.990454283016048
ellipsoid,0.0,2,0.4,100.0,1.0,0.9373105956399912
ellipsoid,0.0,2,0.4,150.0,1.0,0.9729669880460334
ellipsoid,0.0,2,0.4,200.0,1.0,0.9843368764272682
ellipsoid,0.0,2,0.6,0.05,1.0,0.9939798284972524
ellipsoid,0.0,2,0.6,0.1,1.0,0.9879817253814428
ellipsoid,0.0,2,0.6,100.0,1.0,0.33510916290843185
ellipsoid,0.0,2,0.6,150.0,1.0,0.691049544732555
ellipsoid,0.0,2,0.6,200.0,1.0,0.8441677168205547
ellipsoid,0.1,1,0.2,0.05,0.999,-0.08479032436627153
ellipsoid,0.1,1,0.2,0.1,0.999,0.01922043402712298
ellipsoid,0.1,1,0.2,100.0,0.999,-0.2487867956104381
ellipsoid,0.1,1,0.2,150.0,0.999,-0.18895355785926723
ellipsoid,0.1,1,0.2,200.0,0.999,-0.14445474115240314
ellipsoid,0.1,1,0.4,0.05,1.0,-0.11326048164990273
ellipsoid,0.1,1,0.4,0.1,1.0,0.039125924681981304
ellipsoid,0.1,1,0.4,100.0,1.0,-0.3628988147457185
ellipsoid,0.1,1,0.4,150.0,1.0,-0.2628114166467632
ellipsoid,0.1,1,0.4,200.0,1.0,-0.18735106717103145
ellipsoid,0.1,1,0.6,0.05,1.0,-0.21843921360833285
ellipsoid,0.1,1,0.6,0.1,1.0,-0.029750111022284653
ellipsoid,0.1,1,0.6,100.0,1.0,-0.41883368577175545
ellipsoid,0.1,1,0.6,150.0,1.0,-0.3408753454511094
ellipsoid,0.1,1,0.6,200.0,1.0,-0.27003574137356295
ellipsoid,0.1,2,0.2,0.05,0.999,-0.12285017841921272
ellipsoid,0.1,2,0.2,0.1,0.999,0.04172093134485593
ellipsoid,0.1,2,0.2,100.0,0.999,-0.24884359288733887
ellipsoid,0.1,2,0.2,150.0,0.999,-0.18888734956959996
ellipsoid,0.1,2,0.2,200.0,0.999,-0.14368989755142356
ellipsoid,0.1,2,0.4,0.05,1.0,0.011596101943518546
ellipsoid,0.1,2,0.4,0.1,1.0,0.17741147298357204
ellipsoid,0.1,2,0.4,100.0,1.0,-0.3591411374275328
ellipsoid,0.1,2,0.4,150.0,1.0,-0.2566541970394722
ellipsoid,0.1,2,0.4,200.0,1.0,-0.18031850932988225
ellipsoid,0.1,2,0.6,0.05,1.0,-0.00952966073297133
ellipsoid,0.1,2,0.6,0.1,1.0,0.21251432956013064
ellipsoid,0.1,2,0.6,100.0,1.0,-0.4103612459523474
ellipsoid,0.1,2,0.6,150.0,1.0,-0.32519339391103996
ellipsoid,0.1,2,0.6,200.0,1.0,-0.25023752293211754
ellipsoid,0.2,1,0.2,0.05,0.9886,-0.08112538944518238
ellipsoid,0.2,1,0.2,0.1,0.9886,0.00973906348604888
ellipsoid,0.2,1,0.2,100.0,,
ellipsoid,0.2,1,0.2,150.0,0.9886,-0.140155752059548
ellipsoid,0.2,1,0.2,200.0,0.9886,-0.11167863238677568
ellipsoid,0.2,1,0.4,0.05,1.0,-0.28403364352741706
ellipsoid,0.2,1,0.4,0.1,1.0,-0.1250578407626326
ellipsoid,0.2,1,0.4,100.0,1.0,-0.35217315300070134
ellipsoid,0.2,1,0.4,150.0,1.0,-0.33003705747680867
ellipsoid,0.2,1,0.4,200.0,1.0,-0.29195780524345233
ellipsoid,0.2,1,0.6,0.05,1.0,-0.3899315427469209
ellipsoid,0.2,1,0.6,0.1,1.0,-0.20770188936667783
ellipsoid,0.2,1,0.6,100.0,1.0,-0.41278506954468847
ellipsoid,0.2,1,0.6,150.0,1.0,-0.4050621408585164
ellipsoid,0.2,1,0.6,200.0,1.0,-0.3739400212533147
ellipsoid,0.2,2,0.2,0.05,0.9886,-0.1839595099252191
ellipsoid,0.2,2,0.2,0.1,0.9886,-0.03287950801491287
ellipsoid,0.2,2,0.2,100.0,0.9886,-0.17449169780925222
ellipsoid,0.2,2,0.2,150.0,0.9886,-0.1435277438852136
ellipsoid,0.2,2,0.2,200.0,0.9886,-0.11488899342508532
ellipsoid,0.2,2,0.4,0.05,1.0,-0.25366480857526913
ellipsoid,0.2,2,0.4,0.1,1.0,-0.04387816258123285
ellipsoid,0.2,2,0.4,100.0,1.0,-0.35262046986894063
ellipsoid,0.2,2,0.4,150.0,1.0,-0.3295071305985501
ellipsoid,0.2,2,0.4,200.0,1.0,-0.28677703019253703
ellipsoid,0.2,2,0.6,0.1,1.0,-0.08307744109390908
ellipsoid,0.2,2,0.6,100.0,1.0,-0.4111667285823608
ellipsoid,0.2,2,0.6,150.0,1.0,-0.3988001898667356
ellipsoid,0.2,2,0.6,200.0,1.0,-0.359649162409223
ellipsoid,0.3,1,0.2,0.05,0.9762,-0.05405748302627853
ellipsoid,0.3,1,0.2,0.1,0.9762,0.01696409346783854
ellipsoid,0.3,1,0.2,100.0,0.9762,-0.08075884342552717
ellipsoid,0.3,1,0.2,150.0,0.9762,-0.055708305910009775
ellipsoid,0.3,1,0.2,200.0,0.9762,-0.03582541812636512
ellipsoid,0.3,1,0.4,0.1,0.9982,-0.04105706783509451
ellipsoid,0.3,1,0.4,100.0,0.9982,-0.11978109905463928
ellipsoid,0.3,1,0.4,150.0,0.9982,-0.10038010846043544
ellipsoid,0.3,1,0.4,200.0,0.9982,-0.08164793533881769
ellipsoid,0.3,1,0.6,0.05,1.0,-0.26808502490898084
ellipsoid,0.3,1,0.6,0.1,1.0,-0.2083339448570596
ellipsoid,0.3,1,0.6,100.0,1.0,-0.18800563330858436
ellipsoid,0.3,1,0.6,150.0,1.0,-0.18625412504239025
ellipsoid,0.3,1,0.6,200.0,1.0,-0.17794660437464108
ellipsoid,0.3,2,0.2,0.05,0.9762,-0.11492487405520316
ellipsoid,0.3,2,0.2,0.1,0.9762,0.0027535019308947807
ellipsoid,0.3,2,0.2,100.0,0.9762,-0.08453778943843233
ellipsoid,0.3,2,0.2,150.0,0.9762,-0.06116626957227352
ellipsoid,0.3,2,0.2,200.0,0.9762,-0.04037913026107303
ellipsoid,0.3,2,0.4,0.05,0.9982,-0.19652934119979865
ellipsoid,0.3,2,0.4,0.1,0.9982,-0.03765104463891252
ellipsoid,0.3,2,0.4,100.0,0.9982,-0.12266736668886666
ellipsoid,0.3,2,0.4,150.0,0.9982,-0.10464692037490018
ellipsoid,0.3,2,0.4,200.0,0.9982,-0.08433288851567292
ellipsoid,0.3,2,0.6,0.05,1.0,-0.33365852615469815
ellipsoid,0.3,2,0.6,0.1,1.0,-0.1526632491568571
ellipsoid,0.3,2,0.6,100.0,1.0,-0.19088614453298977
ellipsoid,0.3,2,0.6,150.0,1.0,-0.19147841987259623
ellipsoid,0.3,2,0.6,200.0,1.0,-0.18287466481262485
ellipsoid,0.4,1,0.2,0.05,0.9524,-0.04762000036540594
ellipsoid,0.4,1,0.2,0.1,0.9524,0.011204369445380932
ellipsoid,0.4,1,0.2,100.0,0.9524,-0.016967464344653536
ellipsoid,0.4,1,0.2,150.0,0.9524,-0.0006179769378471407
ellipsoid,0.4,1,0.2,200.0,0.9524,0.011406322709748442
ellipsoid,0.4,1,0.4,0.05,0.9962,-0.05647255264695286
ellipsoid,0.4,1,0.4,0.1,0.9962,-0.005719765239975994
ellipsoid,0.4,1,0.4,100.0,0.9962,-0.019461428054496552
ellipsoid,0.4,1,0.4,150.0,0.9962,-0.005399134939293531
ellipsoid,0.4,1,0.4,200.0,0.9962,0.004585982610333201
ellipsoid,0.4,1,0.6,0.05,0.9994,-0.10566379951254942
ellipsoid,0.4,1,0.6,0.1,0.9994,-0.08658854235754326
ellipsoid,0.4,1,0.6,100.0,0.9994,-0.03853941559644329
ellipsoid,0.4,1,0.6,150.0,0.9994,-0.031700780657674114
ellipsoid,0.4,1,0.6,200.0,0.9994,-0.026035714623486063
ellipsoid,0.4,2,0.2,0.05,0.9524,-0.0727594471636853
ellipsoid,0.4,2,0.2,0.1,0.9524,0.01036255399402182
ellipsoid,0.4,2,0.2,100.0,0.9524,-0.020913941250914364
ellipsoid,0.4,2,0.2,150.0,0.9524,-0.005032084076917538
ellipsoid,0.4,2,0.2,200.0,0.9524,0.0088556499018484
ellipsoid,0.4,2,0.4,0.05,0.9962,-0.09251952421585476
ellipsoid,0.4,2,0.4,0.1,0.9962,-0.00698705578064545
ellipsoid,0.4,2,0.4,100.0,0.9962,-0.022402189817373942
ellipsoid,0.4,2,0.4,150.0,0.9962,-0.007350275953025102
ellipsoid,0.4,2,0.4,200.0,0.9962,0.006188983737850631
ellipsoid,0.4,2,0.6,0.05,0.9994,-0.19936567367809932
ellipsoid,0.4,2,0.6,0.1,0.9994,-0.13057685413292988
ellipsoid,0.4,2,0.6,100.0,0.9994,-0.04106602323124011
ellipsoid,0.4,2,0.6,150.0,0.9994,-0.034479615703922675
ellipsoid,0.4,2,0.6,200.0,0.9994,-0.026924645129424055
ellipsoid,0.5,1,0.2,0.05,0.9232,-0.031204307912475557
ellipsoid,0.5,1,0.2,0.1,0.9232,0.014411408202151718
ellipsoid,0.5,1,0.2,100.0,0.9232,0.030257217086421376
ellipsoid,0.5,1,0.2,150.0,0.9232,0.04104466083323459
ellipsoid,0.5,1,0.2,200.0,0.9232,0.04835419317911383
ellipsoid,0.5,1,0.4,0.05,0.9928,-0.0033704706521737672
ellipsoid,0.5,1,0.4,0.1,0.9928,0.028199608422808428
ellipsoid,0.5,1,0.4,100.0,0.9928,0.04305539283705479
ellipsoid,0.5,1,0.4,150.0,0.9928,0.05130665047706259
ellipsoid,0.5,1,0.4,200.0,0.9928,0.055972946964434896
ellipsoid,0.5,1,0.6,0.05,0.9988,-0.020717707030068883
ellipsoid,0.5,1,0.6,0.1,0.9988,0.0047242814660451715
ellipsoid,0.5,1,0.6,100.0,0.9988,0.03702874347473867
ellipsoid,0.5,1,0.6,150.0,0.9988,0.04337480364198496
ellipsoid,0.5,1,0.6,200.0,0.9988,0.04720945347975842
ellipsoid,0.5,2,0.2,0.05,0.9232,-0.02487393435726229
ellipsoid,0.5,2,0.2,0.1,0.9232,0.030038665645564868
ellipsoid,0.5,2,0.2,100.0,0.9232,0.02903116920731568
ellipsoid,0.5,2,0.2,150.0,0.9232,0.04020592082180615
ellipsoid,0.5,2,0.2,200.0,0.9232,0.04974382813234207
ellipsoid,0.5,2,0.4,0.05,0.9928,-0.01212350827233523
ellipsoid,0.5,2,0.4,0.1,0.9928,0.036449803246787475
ellipsoid,0.5,2,0.4,100.0,0.9928,0.04274206655286616
ellipsoid,0.5,2,0.4,150.0,0.9928,0.05376507428419872
ellipsoid,0.5,2,0.4,200.0,0.9928,0.06278111493623528
ellipsoid,0.5,2,0.6,0.05,0.9988,-0.05410915415640136
ellipsoid,0.5,2,0.6,0.1,0.9988,-0.018461028425991895
ellipsoid,0.5,2,0.6,100.0,0.9988,0.03678910866428063
ellipsoid,0.5,2,0.6,150.0,0.9988,0.04526663326263306
ellipsoid,0.5,2,0.6,200.0,0.9988,0.0525265654622771
hyperboloid,0.0,1,0.2,0.05,1.0,0.7123679709987776
hyperboloid,0.0,1,0.2,0.1,1.0,0.7149065771373456
hyperboloid,0.0,1,0.2,100.0,1.0,0.7142709361031285
hyperboloid,0.0,1,0.2,150.0,1.0,0.7166386344956409
hyperboloid,0.0,1,0.2,200.0,1.0,0.7183617926951053
hyperboloid,0.0,1,0.4,0.05,1.0,0.7138089726199546
hyperboloid,0.0,1,0.4,0.1,1.0,0.7195263658783403
hyperboloid,0.0,1,0.4,100.0,1.0,0.7188243222805962
hyperboloid,0.0,1,0.4,150.0,1.0,0.7227851640694617
hyperboloid,0.0,1,0.4,200.0,1.0,0.7229789521597981
hyperboloid,0.0,1,0.6,0.05,1.0,0.7171711531660959
hyperboloid,0.0,1,0.6,0.1,1.0,0.7221807589283349
hyperboloid,0.0,1,0.6,100.0,1.0,0.721705338819098
hyperboloid,0.0,1,0.6,150.0,1.0,0.7263660982523096
hyperboloid,0.0,1,0.6,200.0,1.0,0.7251984854238576
hyperboloid,0.0,2,0.2,0.05,1.0,0.7622026087865591
hyperboloid,0.0,2,0.2,0.1,1.0,0.730090388532669
hyperboloid,0.0,2,0.2,100.0,1.0,0.8065072745539827
hyperboloid,0.0,2,0.2,150.0,1.0,0.801296684813615
hyperboloid,0.0,2,0.2,200.0,1.0,0.7979065656798516
hyperboloid,0.0,2,0.4,0.05,1.0,0.7662741671479074
hyperboloid,0.0,2,0.4,0.1,1.0,0.7384360424077556
hyperboloid,0.0,2,0.4,100.0,1.0,0.8072383654873444
hyperboloid,0.0,2,0.4,150.0,1.0,0.8028350699027923
hyperboloid,0.0,2,0.4,200.0,1.0,0.800028884489184
hyperboloid,0.0,2,0.6,0.05,1.0,0.7702145837282839
hyperboloid,0.0,2,0.6,0.1,1.0,0.7469004347534449
hyperboloid,0.0,2,0.6,100.0,1.0,0.8085846783606216
hyperboloid,0.0,2,0.6,150.0,1.0,0.8060743055221589
hyperboloid,0.0,2,0.6,200.0,1.0,0.804056084691868
hyperboloid,0.1,1,0.2,0.05,0.9938,0.12361578602324284
hyperboloid,0.1,1,0.2,0.1,0.9938,0.18076222980431297
hyperboloid,0.1,1,0.2,100.0,,
hyperboloid,0.1,1,0.2,150.0,0.9938,0.5688410825458938
hyperboloid,0.1,1,0.2,200.0,0.9938,0.6050845029592113
hyperboloid,0.1,1,0.4,0.05,1.0,0.16195255941525194
hyperboloid,0.1,1,0.4,0.1,1.0,0.20529245727372383
hyperboloid,0.1,1,0.4,100.0,1.0,0.5916505431196374
hyperboloid,0.1,1,0.4,150.0,1.0,0.5908166858864409
hyperboloid,0.1,1,0.4,200.0,1.0,0.5999382413500428
hyperboloid,0.1,1,0.6,0.05,1.0,0.3247227862237243
hyperboloid,0.1,1,0.6,0.1,1.0,0.4134922504543227
hyperboloid,0.1,1,0.6,100.0,1.0,0.6467605926026518
hyperboloid,0.1,1,0.6,150.0,1.0,0.6569325488516397
hyperboloid,0.1,1,0.6,200.0,1.0,0.6579093547322614
hyperboloid,0.1,2,0.2,0.05,0.9938,0.35629829731586393
hyperboloid,0.1,2,0.2,0.1,0.9938,0.4781778929951132
hyperboloid,0.1,2,0.2,100.0,0.9938,0.5288869171349152
hyperboloid,0.1,2,0.2,150.0,0.9938,0.5465167156201443
hyperboloid,0.1,2,0.2,200.0,0.9938,0.5641615212151057
hyperboloid,0.1,2,0.4,0.05,1.0,0.395992465528602
hyperboloid,0.1,2,0.4,0.1,1.0,0.491013655471616
hyperboloid,0.1,2,0.4,100.0,1.0,0.6119332224906643
hyperboloid,0.1,2,0.4,150.0,1.0,0.6098222711012667
hyperboloid,0.1,2,0.4,200.0,1.0,0.6117352378130436
hyperboloid,0.1,2,0.6,0.05,1.0,0.5557844973495206
hyperboloid,0.1,2,0.6,0.1,1.0,0.6033914992605273
hyperboloid,0.1,2,0.6,100.0,1.0,0.6805741483034664
hyperboloid,0.1,2,0.6,150.0,1.0,0.6937856782104954
hyperboloid,0.1,2,0.6,200.0,1.0,0.6982217175733233
hyperboloid,0.2,1,0.2,0.05,0.9522,0.1695858734255864
hyperboloid,0.2,1,0.2,0.1,0.9522,0.21809617017798325
hyperboloid,0.2,1,0.2,100.0,0.9522,0.5274623064395066
hyperboloid,0.2,1,0.2,150.0,0.9522,0.5600556530615564
hyperboloid,0.2,1,0.2,200.0,0.9522,0.5900325201551853
hyperboloid,0.2,1,0.4,0.05,0.9982,0.14432253843554765
hyperboloid,0.2,1,0.4,0.1,0.9982,0.16536708591771934
hyperboloid,0.2,1,0.4,100.0,0.9982,0.5611711407831936
hyperboloid,0.2,1,0.4,150.0,0.9982,0.5829744101830491
hyperboloid,0.2,1,0.4,200.0,0.9982,0.6039830818348209
hyperboloid,0.2,1,0.6,0.05,1.0,0.16151395148091674
hyperboloid,0.2,1,0.6,0.1,1.0,0.22690124174548296
hyperboloid,0.2,1,0.6,100.0,1.0,0.5969583125085508
hyperboloid,0.2,1,0.6,150.0,1.0,0.6167002391999588
hyperboloid,0.2,1,0.6,200.0,1.0,0.6270241579108246
hyperboloid,0.2,2,0.2,0.05,0.9522,0.38661289515310254
hyperboloid,0.2,2,0.2,0.1,0.9522,0.4784770276700737
hyperboloid,0.2,2,0.2,100.0,0.9522,0.5273091102230025
hyperboloid,0.2,2,0.2,150.0,0.9522,0.5492784981102242
hyperboloid,0.2,2,0.2,200.0,0.9522,0.5668339336690724
hyperboloid,0.2,2,0.4,0.05,0.9982,0.3483067052901412
hyperboloid,0.2,2,0.4,0.1,0.9982,0.423382691237532
hyperboloid,0.2,2,0.4,100.0,0.9982,0.5622427500327175
hyperboloid,0.2,2,0.4,150.0,0.9982,0.5736878042184342
hyperboloid,0.2,2,0.4,200.0,0.9982,0.5815829404929669
hyperboloid,0.2,2,0.6,0.05,1.0,0.4354687427408907
hyperboloid,0.2,2,0.6,0.1,1.0,0.4805890177207222
hyperboloid,0.2,2,0.6,100.0,1.0,0.6050363289680154
hyperboloid,0.2,2,0.6,150.0,1.0,0.6224780232765704
hyperboloid,0.2,2,0.6,200.0,1.0,0.6294896605289585
hyperboloid,0.3,1,0.2,0.05,0.9124,0.18551607999965072
hyperboloid,0.3,1,0.2,0.1,0.9124,0.2396769395334988
hyperboloid,0.3,1,0.2,100.0,0.9124,0.48994548315053194
hyperboloid,0.3,1,0.2,150.0,0.9124,0.5194623592578202
hyperboloid,0.3,1,0.2,200.0,0.9124,0.5379282166819871
hyperboloid,0.3,1,0.4,0.05,0.9942,0.2121998530394137
hyperboloid,0.3,1,0.4,0.1,0.9942,0.24639203042717436
hyperboloid,0.3,1,0.4,100.0,0.9942,0.5164983596110839
hyperboloid,0.3,1,0.4,150.0,0.9942,0.54336143066382
hyperboloid,0.3,1,0.4,200.0,0.9942,0.5582023309589325
hyperboloid,0.3,1,0.6,0.05,0.999,0.19016518164705257
hyperboloid,0.3,1,0.6,0.1,0.999,0.2306619124982995
hyperboloid,0.3,1,0.6,100.0,0.999,0.5322570840878509
hyperboloid,0.3,1,0.6,150.0,0.999,0.5555608893968385
hyperboloid,0.3,1,0.6,200.0,0.999,0.5662150041086895
hyperboloid,0.3,2,0.2,0.05,0.9124,0.39243042829615365
hyperboloid,0.3,2,0.2,0.1,0.9124,0.4523927950293366
hyperboloid,0.3,2,0.2,100.0,0.9124,0.4925464491739813
hyperboloid,0.3,2,0.2,150.0,0.9124,0.5159100361747821
hyperboloid,0.3,2,0.2,200.0,0.9124,0.5322913662009735
hyperboloid,0.3,2,0.4,0.05,0.9942,0.4000264110635446
hyperboloid,0.3,2,0.4,0.1,0.9942,0.4509174280021076
hyperboloid,0.3,2,0.4,100.0,0.9942,0.5165364858896342
hyperboloid,0.3,2,0.4,150.0,0.9942,0.5380246243706589
hyperboloid,0.3,2,0.4,200.0,0.9942,0.5525306688688405
hyperboloid,0.3,2,0.6,0.05,0.999,0.4005716756008758
hyperboloid,0.3,2,0.6,0.1,0.999,0.42817696807699823
hyperboloid,0.3,2,0.6,100.0,0.999,0.5316155727901137
hyperboloid,0.3,2,0.6,150.0,0.999,0.5521946828089236
hyperboloid,0.3,2,0.6,200.0,0.999,0.5635900678684456
hyperboloid,0.4,1,0.2,0.05,0.8716,0.18082139597394417
hyperboloid,0.4,1,0.2,0.1,0.8716,0.2440130561077116
hyperboloid,0.4,1,0.2,100.0,0.8716,0.4520990470789273
hyperboloid,0.4,1,0.2,150.0,0.8716,0.4720171024017004
hyperboloid,0.4,1,0.2,200.0,0.8716,0.4757712823070145
hyperboloid,0.4,1,0.4,0.05,0.989,0.2484459306579364
hyperboloid,0.4,1,0.4,0.1,0.989,0.2790264378736397
hyperboloid,0.4,1,0.4,100.0,0.989,0.47706158432855256
hyperboloid,0.4,1,0.4,150.0,0.989,0.492481148965362
hyperboloid,0.4,1,0.4,200.0,0.989,0.49041672723157514
hyperboloid,0.4,1,0.6,0.05,0.998,0.23142821311615863
hyperboloid,0.4,1,0.6,0.1,0.998,0.25382279925575074
hyperboloid,0.4,1,0.6,100.0,0.998,0.4790147513200031
hyperboloid,0.4,1,0.6,150.0,0.998,0.49248207530655846
hyperboloid,0.4,1,0.6,200.0,0.998,0.48932761255617513
hyperboloid,0.4,2,0.2,0.05,0.8716,0.3533765192910006
hyperboloid,0.4,2,0.2,0.1,0.8716,0.3972011353197195
hyperboloid,0.4,2,0.2,100.0,0.8716,0.4480933130662096
hyperboloid,0.4,2,0.2,150.0,0.8716,0.466330948865344
hyperboloid,0.4,2,0.2,200.0,0.8716,0.4786542534402611
hyperboloid,0.4,2,0.4,0.05,0.989,0.3844565503554861
hyperboloid,0.4,2,0.4,0.1,0.989,0.4140352631522072
hyperboloid,0.4,2,0.4,100.0,0.989,0.4754806210489992
hyperboloid,0.4,2,0.4,150.0,0.989,0.492896389037748
hyperboloid,0.4,2,0.4,200.0,0.989,0.504051041255052
hyperboloid,0.4,2,0.6,0.05,0.998,0.3650501338632273
hyperboloid,0.4,2,0.6,0.1,0.998,0.3856182828807124
hyperboloid,0.4,2,0.6,100.0,0.998,0.4754606645122405
hyperboloid,0.4,2,0.6,150.0,0.998,0.49233738113978814
hyperboloid,0.4,2,0.6,200.0,0.998,0.5026164430481679
hyperboloid,0.5,1,0.2,0.05,0.8306,0.16564121264554316
hyperboloid,0.5,1,0.2,0.1,0.8306,0.22200849705280937
hyperboloid,0.5,1,0.2,100.0,0.8306,0.3938592899231102
hyperboloid,0.5,1,0.2,150.0,0.8306,0.4020814214449685
hyperboloid,0.5,1,0.2,200.0,0.8306,0.39479411755393434
hyperboloid,0.5,1,0.4,0.05,0.981,0.25638914642666755
hyperboloid,0.5,1,0.4,0.1,0.981,0.28108142043424517
hyperboloid,0.5,1,0.4,100.0,0.981,0.43789331881841065
hyperboloid,0.5,1,0.4,150.0,0.981,0.4404650702153188
hyperboloid,0.5,1,0.4,200.0,0.981,0.4253314321954466
hyperboloid,0.5,1,0.6,0.05,0.9962,0.25031259289251667
hyperboloid,0.5,1,0.6,0.1,0.9962,0.2833510285191583
hyperboloid,0.5,1,0.6,100.0,0.9962,0.4416112557364685
hyperboloid,0.5,1,0.6,150.0,0.9962,0.441876194169144
hyperboloid,0.5,1,0.6,200.0,0.9962,0.42510677268849634
hyperboloid,0.5,2,0.2,0.05,0.8306,0.2962521303016084
hyperboloid,0.5,2,0.2,0.1,0.8306,0.33547439172781784
hyperboloid,0.5,2,0.2,100.0,0.8306,0.3887990929691989
hyperboloid,0.5,2,0.2,150.0,0.8306,0.40291703830080383
hyperboloid,0.5,2,0.2,200.0,0.8306,0.4124853210362465
hyperboloid,0.5,2,0.4,0.05,0.981,0.3528124888393406
hyperboloid,0.5,2,0.4,0.1,0.981,0.37276658108306654
hyperboloid,0.5,2,0.4,100.0,0.981,0.4353373285279334
hyperboloid,0.5,2,0.4,150.0,0.981,0.4479288682491121
hyperboloid,0.5,2,0.4,200.0,0.981,0.45592567751873087
hyperboloid,0.5,2,0.6,0.05,0.9962,0.3478196574836818
hyperboloid,0.5,2,0.6,0.1,0.9962,0.3633312366814729
hyperboloid,0.5,2,0.6,100.0,0.9962,0.4384684079387725
hyperboloid,0.5,2,0.6,150.0,0.9962,0.45117698432854825
hyperboloid,0.5,2,0.6,200.0,0.9962,0.459028810883947
torus,0.0,1,0.2,0.05,1.0,0.9981719244370147
torus,0.0,1,0.2,0.1,1.0,0.998624773816224
torus,0.0,1,0.2,100.0,1.0,0.992898268581889
torus,0.0,1,0.2,150.0,1.0,0.9962620952021464
torus,0.0,1,0.2,200.0,1.0,0.9974652017915292
torus,0.0,1,0.4,0.05,1.0,0.99678207883876
torus,0.0,1,0.4,0.1,1.0,0.9971686661466924
torus,0.0,1,0.4,100.0,1.0,0.9794087780355022
torus,0.0,1,0.4,150.0,1.0,0.9894200109401596
torus,0.0,1,0.4,200.0,1.0,0.9929900228723332
torus,0.0,1,0.6,0.05,1.0,0.9754287192364496
torus,0.0,1,0.6,0.1,1.0,0.9812172317235878
torus,0.0,1,0.6,100.0,1.0,0.7339296784697684
torus,0.0,1,0.6,150.0,1.0,0.8654966256862412
torus,0.0,1,0.6,200.0,1.0,0.9158059272277328
torus,0.0,2,0.2,0.05,1.0,0.9985755230755828
torus,0.0,2,0.2,0.1,1.0,0.9935431182136608
torus,0.0,2,0.2,100.0,1.0,0.9930023066499404
torus,0.0,2,0.2,150.0,1.0,0.9960162374486624
torus,0.0,2,0.2,200.0,1.0,0.9971813575542124
torus,0.0,2,0.4,0.05,1.0,0.9973602419422638
torus,0.0,2,0.4,0.1,1.0,0.9901483421011904
torus,0.0,2,0.4,100.0,1.0,0.9795926428473626
torus,0.0,2,0.4,150.0,1.0,0.9891913758124632
torus,0.0,2,0.4,200.0,1.0,0.9927409028360628
torus,0.0,2,0.6,0.05,1.0,0.9879955434541524
torus,0.0,2,0.6,0.1,1.0,0.9754341604294152
torus,0.0,2,0.6,100.0,1.0,0.7357905433883408
torus,0.0,2,0.6,150.0,1.0,0.8683228790556918
torus,0.0,2,0.6,200.0,1.0,0.9189750556027204
torus,0.1,1,0.2,0.05,0.9996,0.39264829090530906
torus,0.1,1,0.2,0.1,0.9996,0.5087641310099541
torus,0.1,1,0.2,100.0,0.9996,0.6523140898585037
torus,0.1,1,0.2,150.0,0.9996,0.6643902293548429
torus,0.1,1,0.2,200.0,0.9996,0.6774751121045595
torus,0.1,1,0.4,0.05,1.0,0.6031171828457295
torus,0.1,1,0.4,0.1,1.0,0.738488910440216
torus,0.1,1,0.4,100.0,1.0,0.7393427471329693
torus,0.1,1,0.4,150.0,1.0,0.7658406768060357
torus,0.1,1,0.4,200.0,1.0,0.7859779089600694
torus,0.1,1,0.6,0.05,1.0,0.4643137522883408
torus,0.1,1,0.6,0.1,1.0,0.6691689458460113
torus,0.1,1,0.6,100.0,1.0,0.6598267670353986
torus,0.1,1,0.6,150.0,1.0,0.6997236025150773
torus,0.1,1,0.6,200.0,1.0,0.7304088635712056
torus,0.1,2,0.2,0.05,0.9996,0.6329961816631975
torus,0.1,2,0.2,0.1,0.9996,0.684007322594379
torus,0.1,2,0.2,100.0,0.9996,0.6533440017684659
torus,0.1,2,0.2,150.0,0.9996,0.6673324049694065
torus,0.1,2,0.2,200.0,0.9996,0.6823990910363309
torus,0.1,2,0.4,0.05,1.0,0.8369178468005455
torus,0.1,2,0.4,0.1,1.0,0.8546300299606572
torus,0.1,2,0.4,100.0,1.0,0.7424170858408016
torus,0.1,2,0.4,150.0,1.0,0.7740640046744288
torus,0.1,2,0.4,200.0,1.0,0.7997047242032146
torus,0.1,2,0.6,0.05,1.0,0.80808825763175
torus,0.1,2,0.6,0.1,1.0,0.8432103253314019
torus,0.1,2,0.6,100.0,1.0,0.6636116701156584
torus,0.1,2,0.6,150.0,1.0,0.7093674740872418
torus,0.1,2,0.6,200.0,1.0,0.7464335946940323
torus,0.2,1,0.2,0.05,0.9892,0.33676110806109366
torus,0.2,1,0.2,0.1,0.9892,0.3908161439729274
torus,0.2,1,0.2,100.0,0.9892,0.5206809397750665
torus,0.2,1,0.2,150.0,0.9892,0.538941223995272
torus,0.2,1,0.2,200.0,0.9892,0.552229077917944
torus,0.2,1,0.4,0.05,1.0,0.2977148248639452
torus,0.2,1,0.4,0.1,1.0,0.37623203744490463
torus,0.2,1,0.4,100.0,1.0,0.5286617491176175
torus,0.2,1,0.4,150.0,1.0,0.5483194701974435
torus,0.2,1,0.4,200.0,1.0,0.5640655604930153
torus,0.2,1,0.6,0.05,1.0,0.1660211150055655
torus,0.2,1,0.6,0.1,1.0,0.2757049138156936
torus,0.2,1,0.6,100.0,1.0,0.48600663444894
torus,0.2,1,0.6,150.0,1.0,0.5065016810433359
torus,0.2,1,0.6,200.0,1.0,0.5264960116303364
torus,0.2,2,0.2,0.05,0.9892,0.4946599942202904
torus,0.2,2,0.2,0.1,0.9892,0.5024779143301763
torus,0.2,2,0.2,100.0,0.9892,0.5231984912670188
torus,0.2,2,0.2,150.0,0.9892,0.5439292380452665
torus,0.2,2,0.2,200.0,0.9892,0.5593585309906846
torus,0.2,2,0.4,0.05,1.0,0.4946523945801662
torus,0.2,2,0.4,0.1,1.0,0.5261480822448665
torus,0.2,2,0.4,100.0,1.0,0.5287562886333852
torus,0.2,2,0.4,150.0,1.0,0.5485603052415925
torus,0.2,2,0.4,200.0,1.0,0.5642967572392906
torus,0.2,2,0.6,0.05,1.0,0.4858315193035263
torus,0.2,2,0.6,0.1,1.0,0.5740777058036689
torus,0.2,2,0.6,100.0,1.0,0.4862246703066594
torus,0.2,2,0.6,150.0,1.0,0.5075838827887236
torus,0.2,2,0.6,200.0,1.0,0.52913115794207
torus,0.3,1,0.2,0.05,0.9736,0.2695080541318312
torus,0.3,1,0.2,0.1,0.9736,0.3019985856203695
torus,0.3,1,0.2,100.0,0.9736,0.42601764587928137
torus,0.3,1,0.2,150.0,0.9736,0.4383408734059376
torus,0.3,1,0.2,200.0,0.9736,0.447660252290977
torus,0.3,1,0.4,0.05,0.9988,0.23307522870734385
torus,0.3,1,0.4,0.1,0.9988,0.2546268487239459
torus,0.3,1,0.4,100.0,0.9988,0.42279316705642705
torus,0.3,1,0.4,150.0,0.9988,0.4357981732356331
torus,0.3,1,0.4,200.0,0.9988,0.44577931048374225
torus,0.3,1,0.6,0.05,1.0,0.19156323710227297
torus,0.3,1,0.6,0.1,1.0,0.1910749000100908
torus,0.3,1,0.6,100.0,1.0,0.4201298249250737
torus,0.3,1,0.6,150.0,1.0,0.4326682323929118
torus,0.3,1,0.6,200.0,1.0,0.4433300042682421
torus,0.3,2,0.2,0.05,0.9736,0.3930323899123414
torus,0.3,2,0.2,0.1,0.9736,0.3952421319858859
torus,0.3,2,0.2,100.0,0.9736,0.4289746873357404
torus,0.3,2,0.2,150.0,0.9736,0.44315876441681507
torus,0.3,2,0.2,200.0,0.9736,0.4537003770461801
torus,0.3,2,0.4,0.05,0.9988,0.35799947488541456
torus,0.3,2,0.4,0.1,0.9988,0.34014415601990233
torus,0.3,2,0.4,100.0,0.9988,0.4232634760306723
torus,0.3,2,0.4,150.0,0.9988,0.4366349080246155
torus,0.3,2,0.4,200.0,0.9988,0.44654314762307606
torus,0.3,2,0.6,0.05,1.0,0.33886236002295334
torus,0.3,2,0.6,0.1,1.0,0.34184376020713797
torus,0.3,2,0.6,100.0,1.0,0.42006315985954706
torus,0.3,2,0.6,150.0,1.0,0.432627367923174
torus,0.3,2,0.6,200.0,1.0,0.4433548629868218
torus,0.4,1,0.2,0.05,0.9592,0.2345776725535763
torus,0.4,1,0.2,0.1,0.9592,0.25282525222815805
torus,0.4,1,0.2,100.0,0.9592,0.36705661291091585
torus,0.4,1,0.2,150.0,0.9592,0.3750544054358097
torus,0.4,1,0.2,200.0,0.9592,0.3810311741334186
torus,0.4,1,0.4,0.05,0.9964,0.24518554259777595
torus,0.4,1,0.4,0.1,0.9964,0.260472860188308
torus,0.4,1,0.4,100.0,0.9964,0.3812790261794698
torus,0.4,1,0.4,150.0,0.9964,0.38981744449203853
torus,0.4,1,0.4,200.0,0.9964,0.3962431940909446
torus,0.4,1,0.6,0.05,1.0,0.2156586086197172
torus,0.4,1,0.6,0.1,1.0,0.20933401560027037
torus,0.4,1,0.6,100.0,1.0,0.37816449911210576
torus,0.4,1,0.6,150.0,1.0,0.3872779519248341
torus,0.4,1,0.6,200.0,1.0,0.39390309760481873
torus,0.4,2,0.2,0.05,0.9592,0.33175419872336137
torus,0.4,2,0.2,0.1,0.9592,0.33341020212890565
torus,0.4,2,0.2,100.0,0.9592,0.3693292185642956
torus,0.4,2,0.2,150.0,0.9592,0.37862518913372045
torus,0.4,2,0.2,200.0,0.9592,0.3851366806757199
torus,0.4,2,0.4,0.05,0.9964,0.34050715710712276
torus,0.4,2,0.4,0.1,0.9964,0.33214512538952434
torus,0.4,2,0.4,100.0,0.9964,0.3819041267715478
torus,0.4,2,0.4,150.0,0.9964,0.39117465557260894
torus,0.4,2,0.4,200.0,0.9964,0.3981393592727387
torus,0.4,2,0.6,0.05,1.0,0.3170522019275782
torus,0.4,2,0.6,0.1,1.0,0.30007701527108416
torus,0.4,2,0.6,100.0,1.0,0.3778355741149295
torus,0.4,2,0.6,150.0,1.0,0.38736126299896745
torus,0.4,2,0.6,200.0,1.0,0.39447932951677017
torus,0.5,1,0.2,0.05,0.9358,0.2113058098380828
torus,0.5,1,0.2,0.1,0.9358,0.2134946696185898
torus,0.5,1,0.2,100.0,0.9358,0.3087583786330525
torus,0.5,1,0.2,150.0,0.9358,0.3132440054536182
torus,0.5,1,0.2,200.0,0.9358,0.31619202995223233
torus,0.5,1,0.4,0.05,0.9924,0.2356896346298561
torus,0.5,1,0.4,0.1,0.9924,0.2323866299641627
torus,0.5,1,0.4,100.0,0.9924,0.32911620437400996
torus,0.5,1,0.4,150.0,0.9924,0.33337273338882956
torus,0.5,1,0.4,200.0,0.9924,0.33528139942900775
torus,0.5,1,0.6,0.05,0.9986,0.2237220896483748
torus,0.5,1,0.6,0.1,0.9986,0.22525503748373324
torus,0.5,1,0.6,100.0,0.9986,0.3337909435452586
torus,0.5,1,0.6,150.0,0.9986,0.3393753242685837
torus,0.5,1,0.6,200.0,0.9986,0.342642976073792
torus,0.5,2,0.2,0.05,0.9358,0.27120642176581405
torus,0.5,2,0.2,0.1,0.9358,0.2697828720029059
torus,0.5,2,0.2,100.0,0.9358,0.30985288768293073
torus,0.5,2,0.2,150.0,0.9358,0.31488437967534566
torus,0.5,2,0.2,200.0,0.9358,0.3183119224698196
torus,0.5,2,0.4,0.05,0.9924,0.2895243581649372
torus,0.5,2,0.4,0.1,0.9924,0.2761856821807551
torus,0.5,2,0.4,100.0,0.9924,0.3300032319215288
torus,0.5,2,0.4,150.0,0.9924,0.33534540483419967
torus,0.5,2,0.4,200.0,0.9924,0.3386874742390031
torus,0.5,2,0.6,0.05,0.9986,0.29788426553218506
torus,0.5,2,0.6,0.1,0.9986,0.2928292261085533
torus,0.5,2,0.6,100.0,0.9986,0.33395779180465707
torus,0.5,2,0.6,150.0,0.9986,0.3405440414602905
torus,0.5,2,0.6,200.0,0.9986,0.3453620001264296
